"Status","Start Time","Stop Time","Duration in ms","Parent Suite","Suite","Sub Suite","Test Class","Test Method","Name","Description"
"passed","Mon Dec 14 13:59:22 CST 2020","Mon Dec 14 13:59:22 CST 2020","0","secondHomework","test_calc_fixture","","","","加法",""
"passed","Mon Dec 14 13:59:22 CST 2020","Mon Dec 14 13:59:22 CST 2020","0","secondHomework","test_calc_fixture","","","","乘法",""
"passed","Mon Dec 14 13:59:22 CST 2020","Mon Dec 14 13:59:22 CST 2020","0","secondHomework","test_calc_fixture","","","","加法",""
"passed","Mon Dec 14 13:59:22 CST 2020","Mon Dec 14 13:59:22 CST 2020","1","secondHomework","test_calc_fixture","","","","乘法",""
"passed","Mon Dec 14 13:59:22 CST 2020","Mon Dec 14 13:59:22 CST 2020","0","secondHomework","test_calc_fixture","","","","除法",""
"passed","Mon Dec 14 13:59:22 CST 2020","Mon Dec 14 13:59:22 CST 2020","1","secondHomework","test_calc_fixture","","","","乘法",""
"passed","Mon Dec 14 13:59:22 CST 2020","Mon Dec 14 13:59:22 CST 2020","1","secondHomework","test_calc_fixture","","","","除法",""
"passed","Mon Dec 14 13:59:22 CST 2020","Mon Dec 14 13:59:22 CST 2020","0","secondHomework","test_calc_fixture","","","","减法",""
"passed","Mon Dec 14 13:59:22 CST 2020","Mon Dec 14 13:59:22 CST 2020","0","secondHomework","test_calc_fixture","","","","减法",""
"passed","Mon Dec 14 13:59:22 CST 2020","Mon Dec 14 13:59:22 CST 2020","0","secondHomework","test_calc_fixture","","","","减法",""
"passed","Mon Dec 14 13:59:22 CST 2020","Mon Dec 14 13:59:22 CST 2020","1","secondHomework","test_calc_fixture","","","","加法",""
"passed","Mon Dec 14 13:59:22 CST 2020","Mon Dec 14 13:59:22 CST 2020","1","secondHomework","test_calc_fixture","","","","除法",""
